{
  "sample_data": [
    1.2,
    1.4,
    -0.5,
    0.3,
    0.9,
    2.3,
    1.0,
    0.1,
    1.3,
    1.9
  ],
  "sample_size": 10,
  "sample_mean": 0.9899999999999999,
  "prior_parameters": {
    "mu_0": 0.0,
    "sig2_0": 1.0,
    "n_0": 2.0,
    "s2_0": 1.0,
    "nu_0": 1.0,
    "beta_0": 1.0
  },
  "gibbs_results": {
    "mu_samples": [
      0.8283769852522271,
      0.9858036134195804,
      1.1028355650243313,
      0.7471254134017618,
      0.4302344519032467,
      0.5244188455470928,
      0.3745597615413202,
      1.0777526993927389,
      0.9372410776314708,
      1.1837814870216168,
      1.4589032385975487,
      0.8841241777645316,
      0.6635037334352158,
      1.1672036707035809,
      0.9764643180658525,
      0.3756126357774454,
      1.2349564151707444,
      0.920201687197837,
      1.0844252486308705,
      1.144270567422689,
      0.7942570781630451,
      1.2607284826926182,
      0.4644184070536859,
      1.0009545503687372,
      0.7731903223496261,
      1.0177039722561274,
      1.1571001732294095,
      1.23666346056032,
      1.0118534382993105,
      1.125135955887307,
      0.7369262017440736,
      1.215356690367786,
      1.0549269785978763,
      0.9844681846595359,
      0.8005874976918476,
      0.8837649395926219,
      0.8595844448087407,
      0.8262057941418779,
      1.026328742071471,
      1.3366852105710114,
      0.803342974613855,
      0.8089643992930922,
      0.9975709599644544,
      0.9285678638423066,
      1.1051619415791123,
      1.324573724563166,
      1.4735078078824206,
      1.1850388975547392,
      0.7898199199606506,
      0.8216135565575486,
      1.038197063574767,
      0.8986024846681939,
      0.7961192993631355,
      1.0680613753702521,
      1.256155433670033,
      0.8469717317576093,
      1.1241445552202942,
      0.7658025389694476,
      1.0137288224565042,
      1.1402620254893376,
      0.748701350407909,
      0.6044166501317173,
      1.0979859966104446,
      0.549187417906037,
      1.031924412067263,
      0.9384975387497769,
      0.6348030576264363,
      0.877131622387475,
      1.3039185843768186,
      0.8413716452551038,
      1.0412188528774287,
      1.117476050097323,
      0.415925107302467,
      0.6681459146395281,
      1.0222332842744721,
      0.7250308879771958,
      0.6110764141951534,
      1.188838401589398,
      0.5278037433551891,
      0.9859462880324605,
      1.849191701855853,
      1.187786076603588,
      1.1258646388072777,
      0.7055911454030942,
      0.614244068409862,
      0.9220249095541042,
      1.221875419187246,
      0.9750749075251023,
      0.964299607875646,
      1.279961417566223,
      0.8903867776867602,
      0.42734764592278734,
      1.1536887635679784,
      0.8198052730364146,
      1.031315618146681,
      1.3338806974676187,
      0.658762097411195,
      1.4504154575330985,
      0.015517493834896978,
      -0.010706026026126692
    ],
    "sig2_samples": [
      1.3089135026362266,
      1.2622852630151127,
      0.4045721293522943,
      0.9646817637942524,
      0.7136958803001638,
      0.7322143248776222,
      1.3954023745357567,
      1.4124177530148652,
      0.9431284687521676,
      0.9618566330587055,
      1.002445922505734,
      1.1748673134289327,
      0.5383130122262935,
      0.3099679410642223,
      0.5689907355717545,
      1.1637187272727991,
      1.30662223609585,
      1.3242212277125656,
      0.9989707584614653,
      0.5885648610611106,
      1.1024527031984448,
      1.569770067925665,
      1.3277740880123274,
      0.7036761372408015,
      0.6352994056232887,
      0.43989808335870323,
      2.904896674819227,
      1.4795209675535244,
      0.8680245312482676,
      1.0474035845224878,
      1.079478285352075,
      0.6470842120297315,
      0.9847909453246873,
      0.4370458319870209,
      1.004885920253746,
      0.46958817124389446,
      0.7450330691992222,
      0.8918019114554099,
      0.8142826334281471,
      1.1284574938874365,
      2.1546047971673064,
      0.7353471466150445,
      0.8309493379781303,
      0.640825050654775,
      0.4740574199327717,
      1.0697711019784988,
      0.6592111255319796,
      1.1688881734536987,
      0.7388768873426302,
      0.7690760661358627,
      1.2348466814420258,
      0.5753362459526032,
      1.0542856566060241,
      0.8977784225027661,
      0.6754362266782815,
      0.9188245747609433,
      0.6779833983367399,
      0.4557622205930237,
      0.7042868685959769,
      0.6713146089532733,
      0.6706029742297672,
      0.7328957746599201,
      1.5004675858089787,
      1.0425634669991735,
      0.6212642714240629,
      1.0888198035948888,
      1.1014648872825668,
      0.5987018942759638,
      0.7438467949785842,
      1.5903061927086921,
      1.2310975038205352,
      0.7789061643574533,
      1.0967109551694596,
      1.5585454758303843,
      0.7706441113704382,
      0.6704226279711295,
      0.7794109099089384,
      0.610974572681658,
      1.4676027929160227,
      0.8162606857444533,
      0.5977971146371929,
      0.8312876371121964,
      0.8830583582607849,
      0.7030885220877464,
      0.3480634024551283,
      1.0304912907775838,
      0.9093892301053146,
      0.4334187485805138,
      1.0184929602593655,
      0.3101939476544861,
      2.2051500087329243,
      0.9039325135400988,
      0.8277122958474589,
      0.8779074136536862,
      0.39288632461623907,
      0.6325378772015573,
      1.7237511712237812,
      0.9224542598486047,
      5.670846116838537,
      4.20717468725544
    ],
    "mu_summary": {
      "mean": 0.9075829336393684,
      "std": 0.2925584345100456,
      "quantiles": [
        0.27657409055710624,
        0.7277992256771113,
        0.9183150560106954,
        1.103437469895926,
        1.4589355225809615
      ]
    },
    "sig2_summary": {
      "mean": 0.9210862370402007,
      "std": 0.5071059130340305,
      "quantiles": [
        0.3812118372618592,
        0.618169318909293,
        0.7992908321320276,
        1.066598094749525,
        2.2701411765915838
      ]
    }
  },
  "formulas": {
    "likelihood": "yi | \u03bc, \u03c3\u00b2 ~ N(\u03bc, \u03c3\u00b2) for i = 1, ..., n",
    "prior_mu": "\u03bc ~ N(\u03bc\u2080, \u03c3\u2080\u00b2)",
    "prior_sig2": "\u03c3\u00b2 ~ IG(\u03bd\u2080, \u03b2\u2080)",
    "full_conditional_mu": "\u03bc | \u03c3\u00b2, y ~ N((n\u22c5\u0233/\u03c3\u00b2 + \u03bc\u2080/\u03c3\u2080\u00b2)/(n/\u03c3\u00b2 + 1/\u03c3\u2080\u00b2), 1/(n/\u03c3\u00b2 + 1/\u03c3\u2080\u00b2))",
    "full_conditional_sig2": "\u03c3\u00b2 | \u03bc, y ~ IG(\u03bd\u2080 + n/2, \u03b2\u2080 + \u03a3(yi-\u03bc)\u00b2/2)"
  }
}